{"cameraMode":{"drawMode":0,"name":"Shaded","section":"Shading Mode"},"sceneLighting":true,"audioPlay":false,"sceneViewState":{"m_AlwaysRefresh":false,"showFog":true,"showSkybox":true,"showFlares":true,"showImageEffects":true,"showParticleSystems":true,"showVisualEffectGraphs":true,"m_FxEnabled":true},"in2DMode":false,"pivot":{"x":-11.92863941192627,"y":2.8765902519226076,"z":6.574962615966797},"rotation":{"x":0.11091199517250061,"y":-0.7934260964393616,"z":0.15202248096466065,"w":0.5788528323173523},"size":4.8759050369262699,"orthographic":false}