{"cameraMode":{"drawMode":0,"name":"Shaded","section":"Shading Mode"},"sceneLighting":false,"audioPlay":false,"sceneViewState":{"m_AlwaysRefresh":false,"showFog":true,"showSkybox":false,"showFlares":true,"showImageEffects":true,"showParticleSystems":true,"showVisualEffectGraphs":true,"m_FxEnabled":true},"in2DMode":false,"pivot":{"x":234.71751403808595,"y":108.03688049316406,"z":4.050079345703125},"rotation":{"x":0.033303387463092807,"y":0.0029934984631836416,"z":-0.00009978544403566048,"w":0.9994408488273621},"size":190.4037322998047,"orthographic":false}